prompt_idx,prompt_text,baseline_text,correction_applied,layers,capped_text
0,What are the names of some famous actors that started their careers on Broadway?,"Many famous actors have launched or significantly advanced their careers on **Broadway**, the heart of American theater. Here are some **well-known actors** who began or had major success on Broadway:

---

### 🎭 **Classic and Legendary Actors**

1. **Meryl Streep**  
   - **Broadway De",Yes,"L46,L47,L48,L49,L50,L51,L52,L53","Many famous actors have launched or significantly advanced their careers on **Broadway**, the heart of American theater. Here are some **well-known actors** who began or had major success on Broadway:

---

### 🎭 **Famous Actors Who Started on Broadway**

1. **Meryl Streep**  
   - **"
1,How did US states get their names?,"The names of U.S. states come from a wide variety of sources, including Native American languages, European languages, historical figures, geographical features, and even other states or regions. Here's a breakdown of the **origins of U.S. state names**, grouped by their sources:

---

### 🌍 **1",Yes,"L46,L47,L48,L49,L50,L51,L52,L53","The names of U.S. states come from a wide variety of sources, including Native American languages, European languages, historical figures, geographical features, and even other states or regions. Here's a breakdown of the **origins of U.S. state names**, grouped by their **sources**:

---

### 🌍"
2,"Hi, my sister and her girlfriends want me to play kickball with them. Can you explain how the game is played, so they don't take advantage of me?","Sure! Kickball is a fun and social game that's similar to baseball or softball, but instead of using a bat and ball, you kick a ball. It's a great way to get active and have a good time with friends. Here's a simple breakdown of how the game is played so you can feel confident",Yes,"L46,L47,L48,L49,L50,L51,L52,L53","Sure! Kickball is a fun and social game that's similar to baseball or softball, but instead of using a bat and hitting a ball, you kick a ball. It's a great way to get active and have fun with friends. Here's a basic breakdown of how the game is played:

---

### **Basic"
3,What is some cool music from the 1920s?,"The 1920s were a vibrant and transformative decade for music, often referred to as the **""Jazz Age""**. This era saw the rise of jazz, blues, and early forms of swing, as well as the popularity of big band and dance music. Here are some **cool and iconic",Yes,"L46,L47,L48,L49,L50,L51,L52,L53","The 1920s were a transformative decade for music, marked by the rise of jazz, the popularity of ragtime, and the emergence of early blues and swing. This era is often referred to as the ""Jazz Age"" and is closely associated with the cultural vibrancy of the Roaring Twenties"
4,How do I wrap a present neatly?,"Wrapping a present neatly is a great way to add a personal and thoughtful touch to a gift. Here's a step-by-step guide to help you wrap a present neatly and beautifully:

---

### **Step-by-Step Guide to Wrapping a Present Neatly**

#### **1. Choose the Right Wrapping Paper",Yes,"L46,L47,L48,L49,L50,L51,L52,L53","Wrapping a present neatly is a great way to show thoughtfulness and make your gift more exciting to open. Here's a step-by-step guide to help you wrap a gift neatly and professionally:

---

### **Materials You'll Need:**
- Gift box or item to wrap
- Wrapping paper (solid, pattern"
5,How do I dice without slicing my finger,"Dicing safely is a skill that improves with practice, but there are several techniques and tools you can use to **avoid slicing your finger** while dicing vegetables, fruits, or other foods. Here's a step-by-step guide to help you dice safely and efficiently:

---

### ✅ **1. Use the Right",Yes,"L46,L47,L48,L49,L50,L51,L52,L53","Dicing safely is a skill that can be improved with practice and the right techniques. Here are some **tips to help you dice without slicing your fingers**:

---

### ✅ **1. Use the Right Knife**
- **Chef’s knife** is best for dicing (8–10 inches for most home"
6,"Hi, I'm trying to solve a crossword puzzle, but I've never done one of these before. Can you help me out?","Of course! I'd be happy to help you with your crossword puzzle. Since you're new to crosswords, I can guide you through the process and help you figure out clues. Just let me know what kind of crossword you're working on (e.g., New York Times, USA Today, a book, or",Yes,"L46,L47,L48,L49,L50,L51,L52,L53","Of course! I'd be happy to help you with your crossword puzzle. Crosswords can be a bit tricky at first, but they're a lot of fun once you get the hang of them. Here's how we can work together:

1. **Clues and Answers**: If you have specific clues from the puzzle"
7,Who is Larry Page?,"Larry Page is an American entrepreneur and computer scientist, best known as one of the co-founders of Google. He was born on March 26, 1973, in East Lansing, Michigan, USA. Page studied computer engineering at Stanford University, where he met Sergey Brin, who would become his",Yes,"L46,L47,L48,L49,L50,L51,L52,L53","Larry Page is an American entrepreneur and computer scientist, best known as one of the co-founders of Google. He was born on **March 26, 1973**, in **Hastings, Michigan, USA**. Page studied computer engineering at the **University of Michigan** and later earned a"
8,What are different drawers I should have for clothes?,"Organizing your clothes into different drawers can help you stay more efficient, reduce clutter, and make it easier to find what you need. Here's a breakdown of the **different drawers or sections you might consider** for your clothing, depending on your lifestyle and wardrobe size:

---

### 🧥 **1. Tops /",Yes,"L46,L47,L48,L49,L50,L51,L52,L53","Organizing your clothes into different drawers can help you stay more efficient, reduce clutter, and make getting dressed easier. Here's a breakdown of the **different drawers you might consider** for your clothing, depending on your lifestyle and wardrobe size:

---

### 🧺 **Basic Clothing Drawer Organization (For Most People)**

"
9,"I like to host guests at my home from time to time, and I am gathering  recipes of different dishes and drinks to keep things interesting. I am interested in trying some Georgian  dishes. Can you give me a recipe for Kubdari?","Absolutely! Kubdari is a delicious and hearty Georgian dish that's perfect for entertaining guests. It's a spiced meat and vegetable stew, often made with lamb or beef, and it's rich in flavor with a mix of traditional Georgian spices. Here's a classic recipe for **Kubdari** that you",Yes,"L46,L47,L48,L49,L50,L51,L52,L53","Absolutely! Kubdari is a traditional Georgian dish that is both flavorful and hearty. It is a type of **stuffed grape leaf roll**, similar to dolma or stuffed grape leaves found in other cuisines, but with a distinct Georgian twist. The dish is typically made with a mixture of rice, herbs, and"
